Id,~이름,Tags:Localized,~전투력계산,IsUsable,WeaponType,DefaultWeaponId,WeaponAtkMultiplier,Atk,Def,AtkSpeed,Stamina,StaminaRegen,RunStaminaCost,RunIncreaseSpeed,MoveSpeed,WalkAnimation1xSpeed,SfxRunLeft,SfxRunRight,Hp,HpRegen,~,FireResistancePercent,WaterResistancePercent,WindResistancePercent,AttackSkillId,DashSkillId,ActiveSkillIds,PolymorphAttackSkillId,PolymorphDashSkillId,PolymorphActiveSkillIds,PassiveSkillIds,SightAngle,SightRange,SightBackRange
int,참조,string[],참조,bool,EWeaponType,int,float,int,int,float,float,float,float,float,float,float,string,string,int,float,hp리젠 비율,float,float,float,int,int,int[],int,int,int[],int[],float,float,float
100001,퇴마사 가영,CTag1|CTag2|CTag3|CTag4|CTag5,#REF!,TRUE,Sword,1001,1,0,100,1,100,17,8.5,1.2,2.2,1.6,Run_L,Run_R,650,1,0.0015384615384615385,0,0,0,10010000,10010100,10010300|10010400|10010700|10010600|10010500,10010000,10010100,10010300|10010400|10010500|10010600|10010700,10010800|10010001|10010002|10010401|10010801|10010802|71000001|10000000,120,5,1
100002,레온 하일더,,#REF!,FALSE,Sword,0,1,0,100,1,100,17,8.5,1.2,2,1.6,Run_L,Run_R,600,1,0.0016666666666666668,0,0,0,10010000,10010100,10010300|10010400|10010500|10010600|10010700,10010000,10010100,10010300|10010400|10010500|10010600|10010700,10010800,120,5,1
100003,듀라한,CTag6|CTag2|CTag8|CTag9|CTag10,#REF!,TRUE,Shotgun,1201,1,0,100,1,100,17,8.5,1.2,2.2,1.6,Run_L,Run_R,580,1,0.0017241379310344827,0,0,0,10012000,10012100,10012300|10012400|10012500|10012600|10012700,10012000,10012100,10012300|10012400|10012500|10012600|10012700,10012800|10012801|71000001|10000000,120,5,1
100004,캐스터 미오,CTag1|CTag11|CTag12|CTag13|CTag14,#REF!,TRUE,Phone,1101,1,0,90,1,100,17,8.5,1.2,2,1.6,Run_L,Run_R,520,0.85,0.0016346153846153845,0,0,0,10011000,10011100,10011200|10011400|10011300|10011500|10011600,10011001,10011101,10011201|10011401|10011301|10011501|10011601,10011800|10011700|10011701|10011702|10011703|10011704|10011706|71000001|10000000,120,5,1
